{"stats":{"minecraft:mined":{"minecraft:crafting_table":2,"minecraft:torch":2,"minecraft:granite":10,"minecraft:grass_block":8,"minecraft:jungle_planks":2,"minecraft:jungle_log":7,"minecraft:tall_grass":10,"minecraft:copper_ore":3,"minecraft:cobblestone":6,"minecraft:deepslate_gold_ore":3,"minecraft:diorite":6,"minecraft:sandstone":13,"minecraft:wall_torch":6,"minecraft:furnace":1,"minecraft:iron_ore":48,"minecraft:grass":23,"minecraft:oak_log":4,"minecraft:coal_ore":51,"minecraft:deepslate_iron_ore":20,"minecraft:gravel":3,"minecraft:vine":1,"minecraft:dirt":14,"minecraft:sand":20,"minecraft:stone":137,"minecraft:gold_ore":1,"minecraft:oak_leaves":1,"minecraft:deepslate":10,"minecraft:fern":4},"minecraft:used":{"minecraft:water_bucket":1,"minecraft:stone_pickaxe":228,"minecraft:shield":2,"minecraft:wooden_pickaxe":21,"minecraft:sandstone":13,"minecraft:jungle_boat":1,"minecraft:iron_chestplate":1,"minecraft:torch":16,"minecraft:dirt":19,"minecraft:sand":11,"minecraft:crafting_table":4,"minecraft:jungle_planks":2,"minecraft:granite":5,"minecraft:iron_axe":10,"minecraft:iron_pickaxe":98,"minecraft:iron_helmet":1,"minecraft:iron_boots":1,"minecraft:stone_axe":3,"minecraft:cobblestone":31,"minecraft:furnace":6,"minecraft:oak_sapling":2,"minecraft:cooked_porkchop":1,"minecraft:bucket":2,"minecraft:egg":1,"minecraft:cooked_beef":4,"minecraft:iron_leggings":1},"minecraft:picked_up":{"minecraft:crafting_table":2,"minecraft:chicken":1,"minecraft:jungle_log":7,"minecraft:wooden_pickaxe":1,"minecraft:oak_log":2,"minecraft:shield":1,"minecraft:cornflower":1,"minecraft:dirt":44,"minecraft:raw_copper":11,"minecraft:iron_axe":1,"minecraft:bone":2,"minecraft:kelp":30,"minecraft:wheat_seeds":10,"minecraft:cobbled_deepslate":15,"minecraft:raw_gold":4,"minecraft:stone_pickaxe":2,"minecraft:furnace":1,"minecraft:egg":1,"minecraft:stick":5,"minecraft:raw_iron":67,"minecraft:sandstone":17,"minecraft:torch":14,"minecraft:porkchop":3,"minecraft:gravel":3,"minecraft:sand":28,"minecraft:jungle_planks":26,"minecraft:diorite":6,"minecraft:stone_axe":1,"minecraft:granite":11,"minecraft:oak_sapling":3,"minecraft:coal":51,"minecraft:cobblestone":142},"minecraft:crafted":{"minecraft:cooked_beef":4,"minecraft:oak_planks":8,"minecraft:cooked_porkchop":3,"minecraft:crafting_table":3,"minecraft:jungle_boat":1,"minecraft:wooden_pickaxe":1,"minecraft:iron_helmet":1,"minecraft:furnace":5,"minecraft:bucket":1,"minecraft:stone_axe":1,"minecraft:jungle_planks":28,"minecraft:iron_boots":1,"minecraft:iron_chestplate":1,"minecraft:iron_axe":1,"minecraft:stick":24,"minecraft:iron_ingot":36,"minecraft:iron_pickaxe":1,"minecraft:stone_pickaxe":3,"minecraft:iron_leggings":1,"minecraft:torch":16},"minecraft:killed":{"minecraft:pig":1,"minecraft:skeleton":1,"minecraft:zombie":1},"minecraft:dropped":{"minecraft:stone_axe":2,"minecraft:kelp":1,"minecraft:wheat_seeds":9,"minecraft:chicken":1,"minecraft:diorite":1,"minecraft:torch":6,"minecraft:cornflower":1,"minecraft:oak_sapling":1,"minecraft:iron_axe":1,"minecraft:sandstone":4,"minecraft:sand":3,"minecraft:wooden_pickaxe":2,"minecraft:stone_pickaxe":3},"minecraft:killed_by":{"man:managgresive":1,"minecraft:creeper":1,"minecraft:zombie":1},"minecraft:custom":{"minecraft:interact_with_furnace":53,"minecraft:mob_kills":3,"minecraft:interact_with_crafting_table":27,"minecraft:leave_game":1,"minecraft:time_since_death":45346,"minecraft:time_since_rest":45384,"minecraft:sprint_one_cm":136267,"minecraft:damage_taken":1483,"minecraft:walk_one_cm":160971,"minecraft:damage_blocked_by_shield":60,"minecraft:drop":30,"minecraft:damage_dealt":618,"minecraft:swim_one_cm":20364,"minecraft:fly_one_cm":198270,"minecraft:open_chest":6,"minecraft:crouch_one_cm":1275,"minecraft:play_time":78620,"minecraft:deaths":4,"minecraft:sneak_time":594,"minecraft:walk_under_water_one_cm":8237,"minecraft:boat_one_cm":442339,"minecraft:jump":1246,"minecraft:walk_on_water_one_cm":8185,"minecraft:total_world_time":78620,"minecraft:fall_one_cm":36524},"minecraft:broken":{"minecraft:stone_pickaxe":1}},"DataVersion":3465}