{"stats":{"minecraft:killed":{"minecraft:sheep":4},"minecraft:picked_up":{"minecraft:brown_wool":1,"minecraft:mutton":5,"minecraft:white_wool":1},"minecraft:custom":{"minecraft:jump":29,"minecraft:open_chest":2,"minecraft:time_since_rest":1577,"minecraft:damage_dealt":320,"minecraft:crouch_one_cm":154,"minecraft:leave_game":1,"minecraft:sprint_one_cm":1022,"minecraft:play_time":1577,"minecraft:walk_on_water_one_cm":1093,"minecraft:time_since_death":1577,"minecraft:walk_one_cm":4357,"minecraft:sneak_time":23,"minecraft:total_world_time":1577,"minecraft:walk_under_water_one_cm":498,"minecraft:mob_kills":4,"minecraft:fly_one_cm":2811},"minecraft:used":{"aquaculture:neptunium_axe":4,"aquaculture:neptunes_bounty":1}},"DataVersion":3465}