{"stats":{"minecraft:mined":{"minecraft:tall_grass":2,"minecraft:grass":1,"minecraft:oak_log":1},"minecraft:used":{"minecraft:oak_log":1},"minecraft:picked_up":{"minecraft:oak_log":1},"minecraft:dropped":{"man:cassette_1safetyinstructions":1},"minecraft:custom":{"minecraft:jump":25,"minecraft:time_since_rest":1708,"minecraft:leave_game":1,"minecraft:crouch_one_cm":64,"minecraft:sprint_one_cm":698,"minecraft:play_time":1708,"minecraft:time_since_death":1708,"minecraft:walk_one_cm":1932,"minecraft:sneak_time":7,"minecraft:total_world_time":1708,"minecraft:drop":1,"minecraft:fly_one_cm":1387}},"DataVersion":3465}