{"stats":{"minecraft:dropped":{"minecraft:tnt":1,"minecraft:mutton":1},"minecraft:used":{"minecraft:white_wool":2,"minecraft:oak_log":1,"minecraft:dirt":7,"minecraft:beef":1,"minecraft:flint_and_steel":20,"minecraft:tnt":49,"minecraft:birch_log":1},"minecraft:killed":{"minecraft:sheep":2,"minecraft:cow":1},"minecraft:custom":{"minecraft:time_since_rest":14227,"minecraft:crouch_one_cm":221,"minecraft:play_time":14227,"minecraft:sprint_one_cm":7380,"minecraft:damage_taken":120,"minecraft:walk_one_cm":25727,"minecraft:sneak_time":51,"minecraft:mob_kills":3,"minecraft:drop":2,"minecraft:jump":106,"minecraft:damage_dealt":271,"minecraft:leave_game":8,"minecraft:time_since_death":14227,"minecraft:total_world_time":14227,"minecraft:fall_one_cm":2789,"minecraft:fly_one_cm":40073},"minecraft:mined":{"minecraft:grass":6,"minecraft:grass_block":4,"minecraft:oak_log":1,"minecraft:dirt":3,"minecraft:birch_log":1,"minecraft:oak_leaves":5},"minecraft:picked_up":{"minecraft:birch_log":1,"minecraft:stick":1,"minecraft:leather":2,"minecraft:beef":1,"minecraft:oak_log":1,"minecraft:mutton":5,"minecraft:dirt":35,"minecraft:white_wool":2,"minecraft:tnt":1}},"DataVersion":3465}