{"stats":{"minecraft:mined":{"minecraft:tuff":6,"minecraft:crafting_table":2,"minecraft:torch":2,"minecraft:granite":10,"minecraft:grass_block":9,"minecraft:jungle_planks":2,"minecraft:jungle_log":7,"minecraft:tall_grass":10,"minecraft:copper_ore":3,"minecraft:cobblestone":6,"minecraft:deepslate_gold_ore":3,"minecraft:diorite":6,"minecraft:sandstone":13,"minecraft:wall_torch":7,"minecraft:furnace":1,"minecraft:iron_ore":48,"minecraft:grass":41,"minecraft:oak_log":4,"minecraft:coal_ore":51,"minecraft:deepslate_iron_ore":38,"minecraft:gravel":3,"minecraft:vine":1,"minecraft:dirt":14,"minecraft:sand":20,"minecraft:stone":137,"minecraft:gold_ore":1,"minecraft:oak_leaves":1,"minecraft:deepslate":19,"minecraft:fern":4},"minecraft:used":{"minecraft:water_bucket":1,"minecraft:stone_pickaxe":228,"minecraft:shield":30,"minecraft:wooden_pickaxe":21,"minecraft:sandstone":13,"minecraft:jungle_boat":1,"minecraft:iron_chestplate":1,"minecraft:torch":16,"minecraft:dirt":20,"minecraft:sand":11,"minecraft:crafting_table":4,"minecraft:jungle_planks":2,"minecraft:granite":5,"minecraft:lava_bucket":4,"minecraft:iron_axe":15,"minecraft:iron_pickaxe":131,"minecraft:iron_helmet":1,"minecraft:iron_boots":1,"minecraft:stone_axe":3,"minecraft:cobblestone":43,"minecraft:furnace":6,"minecraft:oak_sapling":2,"minecraft:cooked_porkchop":3,"minecraft:bucket":6,"minecraft:egg":1,"minecraft:cooked_beef":4,"minecraft:iron_leggings":1},"minecraft:picked_up":{"minecraft:crafting_table":2,"minecraft:chicken":1,"minecraft:jungle_log":7,"minecraft:wooden_pickaxe":1,"minecraft:tuff":6,"minecraft:oak_log":2,"minecraft:shield":1,"minecraft:cornflower":1,"minecraft:dirt":45,"minecraft:raw_copper":11,"minecraft:iron_axe":1,"minecraft:bone":4,"minecraft:kelp":30,"minecraft:wheat_seeds":14,"minecraft:cobbled_deepslate":24,"minecraft:raw_gold":4,"minecraft:stone_pickaxe":2,"minecraft:furnace":1,"minecraft:egg":1,"minecraft:stick":5,"minecraft:raw_iron":85,"minecraft:sandstone":17,"minecraft:torch":16,"minecraft:porkchop":3,"minecraft:gravel":3,"minecraft:sand":28,"minecraft:jungle_planks":26,"minecraft:diorite":6,"minecraft:stone_axe":1,"minecraft:granite":11,"minecraft:oak_sapling":3,"minecraft:coal":51,"minecraft:cobblestone":142},"minecraft:crafted":{"minecraft:cooked_beef":4,"minecraft:oak_planks":8,"minecraft:cooked_porkchop":3,"minecraft:crafting_table":3,"minecraft:jungle_boat":1,"minecraft:wooden_pickaxe":1,"minecraft:iron_helmet":1,"minecraft:furnace":5,"minecraft:bucket":1,"minecraft:stone_axe":1,"minecraft:jungle_planks":28,"minecraft:iron_boots":1,"minecraft:iron_chestplate":1,"minecraft:iron_axe":1,"minecraft:stick":24,"minecraft:iron_ingot":36,"minecraft:iron_pickaxe":1,"minecraft:stone_pickaxe":3,"minecraft:iron_leggings":1,"minecraft:torch":16},"minecraft:killed":{"minecraft:pig":1,"minecraft:skeleton":3,"minecraft:zombie":1},"minecraft:dropped":{"minecraft:stone_axe":2,"minecraft:kelp":1,"minecraft:wheat_seeds":13,"minecraft:chicken":1,"minecraft:diorite":1,"minecraft:torch":6,"minecraft:cornflower":1,"minecraft:oak_sapling":1,"minecraft:iron_axe":1,"minecraft:sandstone":4,"minecraft:sand":3,"minecraft:wooden_pickaxe":2,"minecraft:stone_pickaxe":3},"minecraft:killed_by":{"man:managgresive":1,"minecraft:skeleton":1,"minecraft:creeper":1,"minecraft:zombie":1},"minecraft:custom":{"minecraft:interact_with_furnace":53,"minecraft:mob_kills":5,"minecraft:interact_with_crafting_table":27,"minecraft:leave_game":1,"minecraft:time_since_death":2177,"minecraft:time_since_rest":2239,"minecraft:sprint_one_cm":179389,"minecraft:damage_taken":1811,"minecraft:walk_one_cm":197796,"minecraft:damage_blocked_by_shield":740,"minecraft:drop":34,"minecraft:damage_dealt":822,"minecraft:swim_one_cm":20780,"minecraft:fly_one_cm":248403,"minecraft:open_chest":6,"minecraft:crouch_one_cm":1876,"minecraft:play_time":90620,"minecraft:deaths":5,"minecraft:sneak_time":733,"minecraft:walk_under_water_one_cm":18454,"minecraft:boat_one_cm":442339,"minecraft:jump":1568,"minecraft:walk_on_water_one_cm":14583,"minecraft:total_world_time":90620,"minecraft:fall_one_cm":43386},"minecraft:broken":{"minecraft:stone_pickaxe":1}},"DataVersion":3465}