{"stats":{"minecraft:mined":{"minecraft:crafting_table":2,"minecraft:torch":2,"minecraft:granite":10,"minecraft:grass_block":8,"minecraft:jungle_log":7,"minecraft:tall_grass":10,"minecraft:copper_ore":3,"minecraft:cobblestone":2,"minecraft:deepslate_gold_ore":1,"minecraft:diorite":1,"minecraft:sandstone":11,"minecraft:wall_torch":6,"minecraft:iron_ore":35,"minecraft:grass":23,"minecraft:oak_log":4,"minecraft:coal_ore":51,"minecraft:gravel":3,"minecraft:vine":1,"minecraft:dirt":14,"minecraft:sand":20,"minecraft:stone":133,"minecraft:gold_ore":1,"minecraft:oak_leaves":1,"minecraft:fern":4},"minecraft:used":{"minecraft:stone_pickaxe":228,"minecraft:wooden_pickaxe":21,"minecraft:jungle_boat":1,"minecraft:iron_chestplate":1,"minecraft:torch":15,"minecraft:dirt":19,"minecraft:sand":11,"minecraft:crafting_table":3,"minecraft:granite":5,"minecraft:iron_axe":6,"minecraft:iron_pickaxe":37,"minecraft:iron_helmet":1,"minecraft:stone_axe":3,"minecraft:cobblestone":13,"minecraft:furnace":2,"minecraft:oak_sapling":2,"minecraft:egg":1,"minecraft:cooked_beef":4},"minecraft:picked_up":{"minecraft:crafting_table":2,"minecraft:chicken":1,"minecraft:jungle_log":7,"minecraft:wooden_pickaxe":1,"minecraft:oak_log":2,"minecraft:shield":1,"minecraft:cornflower":1,"minecraft:dirt":44,"minecraft:raw_copper":11,"minecraft:kelp":30,"minecraft:wheat_seeds":10,"minecraft:raw_gold":2,"minecraft:stone_pickaxe":2,"minecraft:egg":1,"minecraft:stick":5,"minecraft:raw_iron":35,"minecraft:sandstone":15,"minecraft:torch":14,"minecraft:porkchop":3,"minecraft:gravel":3,"minecraft:sand":28,"minecraft:jungle_planks":24,"minecraft:diorite":1,"minecraft:stone_axe":1,"minecraft:granite":11,"minecraft:oak_sapling":3,"minecraft:coal":51,"minecraft:cobblestone":135},"minecraft:crafted":{"minecraft:cooked_beef":4,"minecraft:oak_planks":8,"minecraft:crafting_table":2,"minecraft:jungle_boat":1,"minecraft:wooden_pickaxe":1,"minecraft:iron_helmet":1,"minecraft:furnace":2,"minecraft:stone_axe":1,"minecraft:jungle_planks":28,"minecraft:iron_chestplate":1,"minecraft:iron_axe":1,"minecraft:stick":24,"minecraft:iron_ingot":14,"minecraft:iron_pickaxe":1,"minecraft:stone_pickaxe":3,"minecraft:torch":16},"minecraft:killed":{"minecraft:pig":1,"minecraft:zombie":1},"minecraft:dropped":{"minecraft:stone_axe":2,"minecraft:kelp":1,"minecraft:wheat_seeds":9,"minecraft:chicken":1,"minecraft:diorite":1,"minecraft:torch":6,"minecraft:cornflower":1,"minecraft:oak_sapling":1,"minecraft:sandstone":4,"minecraft:sand":3,"minecraft:wooden_pickaxe":2,"minecraft:stone_pickaxe":3},"minecraft:killed_by":{"man:managgresive":1,"minecraft:creeper":1,"minecraft:zombie":1},"minecraft:custom":{"minecraft:interact_with_furnace":40,"minecraft:mob_kills":2,"minecraft:interact_with_crafting_table":20,"minecraft:leave_game":1,"minecraft:time_since_death":33346,"minecraft:time_since_rest":33384,"minecraft:sprint_one_cm":112318,"minecraft:damage_taken":1364,"minecraft:walk_one_cm":124514,"minecraft:drop":29,"minecraft:damage_dealt":468,"minecraft:swim_one_cm":20364,"minecraft:fly_one_cm":183916,"minecraft:open_chest":6,"minecraft:crouch_one_cm":754,"minecraft:play_time":66620,"minecraft:deaths":4,"minecraft:sneak_time":248,"minecraft:walk_under_water_one_cm":8237,"minecraft:boat_one_cm":442339,"minecraft:jump":1071,"minecraft:walk_on_water_one_cm":4504,"minecraft:total_world_time":66620,"minecraft:fall_one_cm":32794},"minecraft:broken":{"minecraft:stone_pickaxe":1}},"DataVersion":3465}