{"stats":{"minecraft:mined":{"minecraft:tuff":6,"minecraft:crafting_table":2,"minecraft:torch":2,"minecraft:granite":10,"minecraft:grass_block":9,"minecraft:jungle_planks":2,"minecraft:jungle_log":7,"minecraft:tall_grass":12,"minecraft:copper_ore":3,"minecraft:cobblestone":6,"minecraft:deepslate_gold_ore":3,"minecraft:diorite":6,"minecraft:sandstone":13,"minecraft:wall_torch":7,"minecraft:furnace":1,"minecraft:iron_ore":48,"minecraft:grass":66,"minecraft:oak_log":4,"minecraft:coal_ore":51,"minecraft:deepslate_iron_ore":38,"minecraft:gravel":3,"minecraft:vine":2,"minecraft:dirt":14,"minecraft:sand":21,"minecraft:stone":137,"minecraft:gold_ore":1,"minecraft:oak_leaves":1,"minecraft:deepslate":19,"minecraft:fern":12},"minecraft:used":{"minecraft:water_bucket":1,"minecraft:stone_pickaxe":228,"minecraft:shield":30,"minecraft:wooden_pickaxe":21,"minecraft:sandstone":13,"minecraft:jungle_boat":1,"minecraft:iron_chestplate":1,"minecraft:torch":16,"minecraft:dirt":20,"minecraft:sand":11,"minecraft:crafting_table":4,"minecraft:jungle_planks":2,"minecraft:granite":5,"minecraft:lava_bucket":4,"minecraft:iron_axe":15,"minecraft:iron_pickaxe":131,"minecraft:iron_helmet":1,"minecraft:iron_boots":1,"minecraft:stone_axe":3,"minecraft:cobblestone":43,"minecraft:furnace":6,"minecraft:oak_sapling":2,"minecraft:cooked_porkchop":3,"minecraft:bucket":6,"minecraft:egg":3,"minecraft:cooked_beef":4,"minecraft:iron_leggings":1},"minecraft:picked_up":{"minecraft:crafting_table":2,"minecraft:chicken":1,"minecraft:jungle_log":7,"minecraft:wooden_pickaxe":1,"minecraft:tuff":6,"minecraft:oak_log":2,"minecraft:shield":1,"minecraft:cornflower":1,"minecraft:dirt":46,"minecraft:raw_copper":11,"minecraft:iron_axe":1,"minecraft:acacia_door":1,"minecraft:bone":4,"minecraft:kelp":30,"minecraft:wheat_seeds":15,"minecraft:cobbled_deepslate":24,"minecraft:raw_gold":4,"minecraft:stone_pickaxe":2,"minecraft:furnace":1,"minecraft:egg":2,"minecraft:stick":5,"minecraft:raw_iron":85,"minecraft:sandstone":17,"minecraft:torch":16,"minecraft:porkchop":3,"minecraft:gravel":3,"minecraft:sand":29,"minecraft:jungle_planks":26,"minecraft:diorite":6,"minecraft:stone_axe":1,"minecraft:granite":11,"minecraft:oak_sapling":3,"minecraft:coal":51,"minecraft:cobblestone":144},"minecraft:crafted":{"minecraft:cooked_beef":4,"minecraft:oak_planks":8,"minecraft:cooked_porkchop":3,"minecraft:crafting_table":3,"minecraft:jungle_boat":1,"minecraft:wooden_pickaxe":1,"minecraft:iron_helmet":1,"minecraft:furnace":5,"minecraft:bucket":1,"minecraft:stone_axe":1,"minecraft:jungle_planks":28,"minecraft:iron_boots":1,"minecraft:iron_chestplate":1,"minecraft:iron_axe":1,"minecraft:stick":24,"minecraft:iron_ingot":36,"minecraft:iron_pickaxe":1,"minecraft:stone_pickaxe":3,"minecraft:iron_leggings":1,"minecraft:torch":16},"minecraft:killed":{"minecraft:pig":1,"minecraft:skeleton":3,"minecraft:zombie":1},"minecraft:dropped":{"minecraft:stone_axe":2,"minecraft:kelp":1,"minecraft:wheat_seeds":14,"minecraft:chicken":1,"aquaculture:neptunium_sword":1,"aquaculture:neptunium_boots":1,"minecraft:dirt":1,"minecraft:shield":1,"minecraft:diorite":1,"minecraft:torch":14,"minecraft:cornflower":1,"minecraft:oak_sapling":1,"minecraft:dried_kelp":128,"minecraft:iron_axe":1,"minecraft:sandstone":4,"minecraft:sand":4,"minecraft:wooden_pickaxe":2,"minecraft:stone_pickaxe":3,"minecraft:iron_pickaxe":1,"minecraft:acacia_door":2,"minecraft:egg":1},"minecraft:killed_by":{"man:managgresive":1,"minecraft:skeleton":1,"minecraft:creeper":1,"minecraft:zombie":1},"minecraft:custom":{"minecraft:interact_with_furnace":56,"minecraft:mob_kills":5,"minecraft:interact_with_crafting_table":27,"minecraft:leave_game":2,"minecraft:time_since_death":14210,"minecraft:time_since_rest":14272,"minecraft:sprint_one_cm":185878,"minecraft:damage_taken":1851,"minecraft:walk_one_cm":229833,"minecraft:damage_blocked_by_shield":740,"minecraft:drop":47,"minecraft:damage_dealt":887,"minecraft:swim_one_cm":26207,"minecraft:fly_one_cm":388982,"minecraft:open_chest":6,"minecraft:crouch_one_cm":1876,"minecraft:play_time":102653,"minecraft:deaths":5,"minecraft:sneak_time":793,"minecraft:walk_under_water_one_cm":18997,"minecraft:boat_one_cm":442339,"minecraft:jump":1745,"minecraft:walk_on_water_one_cm":14856,"minecraft:total_world_time":102653,"minecraft:fall_one_cm":48226},"minecraft:broken":{"minecraft:stone_pickaxe":1}},"DataVersion":3465}