{"stats":{"minecraft:mined":{"minecraft:tuff":6,"minecraft:deepslate_diamond_ore":1,"minecraft:torch":1,"minecraft:cobblestone":1,"minecraft:deepslate_gold_ore":9,"minecraft:kelp":1,"minecraft:wall_torch":2,"minecraft:iron_ore":29,"minecraft:grass":4,"minecraft:gravel":3,"minecraft:oak_log":13,"minecraft:coal_ore":27,"minecraft:deepslate_iron_ore":57,"minecraft:dirt":1,"minecraft:sand":11,"minecraft:stone":22,"minecraft:gold_ore":1,"minecraft:oak_leaves":1,"minecraft:deepslate":12},"minecraft:used":{"minecraft:water_bucket":11,"minecraft:stone_pickaxe":102,"minecraft:shield":44,"minecraft:torch":11,"minecraft:sand":8,"minecraft:crafting_table":1,"minecraft:tuff":5,"minecraft:wooden_axe":17,"minecraft:iron_axe":44,"minecraft:iron_pickaxe":64,"minecraft:iron_helmet":1,"minecraft:stone_axe":6,"minecraft:cobblestone":32,"minecraft:cooked_porkchop":5,"minecraft:oak_sapling":1,"minecraft:furnace":1,"minecraft:porkchop":6,"minecraft:bucket":12,"minecraft:egg":1},"minecraft:picked_up":{"minecraft:leather":1,"minecraft:tuff":6,"minecraft:oak_log":15,"minecraft:cornflower":1,"minecraft:dirt":1,"minecraft:bone":3,"minecraft:kelp":15,"minecraft:wheat_seeds":3,"minecraft:cobbled_deepslate":12,"minecraft:raw_gold":10,"minecraft:beef":4,"minecraft:stone_pickaxe":1,"minecraft:egg":1,"minecraft:raw_iron":86,"minecraft:sandstone":4,"minecraft:torch":4,"minecraft:gravel":3,"minecraft:sand":12,"minecraft:porkchop":12,"minecraft:diorite":1,"minecraft:diamond":1,"minecraft:arrow":7,"minecraft:rotten_flesh":4,"minecraft:stone_axe":1,"minecraft:oak_sapling":1,"minecraft:coal":26,"minecraft:cobblestone":23},"minecraft:crafted":{"minecraft:oak_planks":36,"minecraft:cooked_porkchop":5,"minecraft:wooden_pickaxe":1,"minecraft:iron_helmet":1,"minecraft:furnace":1,"minecraft:bucket":1,"minecraft:air":0,"minecraft:iron_chestplate":1,"minecraft:shield":2,"minecraft:iron_axe":1,"minecraft:stick":12,"minecraft:iron_ingot":32,"minecraft:iron_pickaxe":1,"minecraft:wooden_axe":1,"minecraft:torch":36},"minecraft:killed":{"minecraft:pig":6,"minecraft:spider":1,"minecraft:skeleton":5,"minecraft:zombie":7,"minecraft:cow":2},"minecraft:dropped":{"minecraft:gravel":3,"minecraft:wheat_seeds":2,"minecraft:jungle_planks":24,"minecraft:shield":1,"minecraft:torch":1,"minecraft:cornflower":1,"minecraft:sandstone":4,"minecraft:sand":3,"minecraft:stone_pickaxe":1,"minecraft:wooden_pickaxe":1},"minecraft:killed_by":{"minecraft:skeleton":1,"minecraft:spider":1,"minecraft:zombie":2},"minecraft:custom":{"minecraft:interact_with_furnace":40,"minecraft:mob_kills":21,"minecraft:interact_with_crafting_table":19,"minecraft:leave_game":3,"minecraft:time_since_death":0,"minecraft:time_since_rest":570,"minecraft:sprint_one_cm":110468,"minecraft:damage_taken":1507,"minecraft:walk_one_cm":258893,"minecraft:damage_blocked_by_shield":975,"minecraft:drop":16,"minecraft:damage_dealt":3376,"minecraft:swim_one_cm":8028,"minecraft:fly_one_cm":116480,"minecraft:open_chest":1,"minecraft:crouch_one_cm":2117,"minecraft:play_time":86113,"minecraft:deaths":4,"minecraft:sneak_time":813,"minecraft:walk_under_water_one_cm":28004,"minecraft:boat_one_cm":520817,"minecraft:jump":1254,"minecraft:walk_on_water_one_cm":21877,"minecraft:total_world_time":86113,"minecraft:fall_one_cm":28481}},"DataVersion":3465}