{"stats":{"minecraft:mined":{"minecraft:iron_ore":29,"minecraft:grass":4,"minecraft:coal_ore":27,"minecraft:oak_log":13,"minecraft:deepslate_iron_ore":1,"minecraft:sand":9,"minecraft:dirt":1,"minecraft:stone":20,"minecraft:kelp":1,"minecraft:oak_leaves":1,"minecraft:wall_torch":1},"minecraft:used":{"minecraft:wooden_axe":17,"minecraft:water_bucket":2,"minecraft:stone_pickaxe":78,"minecraft:iron_helmet":1,"minecraft:torch":1,"minecraft:sand":8,"minecraft:furnace":1,"minecraft:cobblestone":28,"minecraft:stone_axe":6,"minecraft:oak_sapling":1,"minecraft:crafting_table":1,"minecraft:porkchop":4,"minecraft:cooked_porkchop":1,"minecraft:bucket":3,"minecraft:egg":1},"minecraft:crafted":{"minecraft:oak_planks":36,"minecraft:iron_chestplate":1,"minecraft:cooked_porkchop":5,"minecraft:shield":2,"minecraft:iron_axe":1,"minecraft:stick":4,"minecraft:wooden_pickaxe":1,"minecraft:iron_ingot":32,"minecraft:iron_helmet":1,"minecraft:iron_pickaxe":1,"minecraft:wooden_axe":1,"minecraft:furnace":1,"minecraft:bucket":1,"minecraft:air":0},"minecraft:picked_up":{"minecraft:raw_iron":30,"minecraft:sandstone":4,"minecraft:leather":1,"minecraft:torch":1,"minecraft:porkchop":9,"minecraft:sand":11,"minecraft:oak_log":15,"minecraft:diorite":1,"minecraft:cornflower":1,"minecraft:dirt":1,"minecraft:kelp":15,"minecraft:stone_axe":1,"minecraft:wheat_seeds":3,"minecraft:beef":4,"minecraft:stone_pickaxe":1,"minecraft:oak_sapling":1,"minecraft:coal":26,"minecraft:cobblestone":20,"minecraft:egg":1},"minecraft:killed":{"minecraft:pig":5,"minecraft:cow":2},"minecraft:dropped":{"minecraft:shield":1,"minecraft:wheat_seeds":2,"minecraft:sandstone":4,"minecraft:wooden_pickaxe":1,"minecraft:sand":3,"minecraft:jungle_planks":24,"minecraft:stone_pickaxe":1},"minecraft:killed_by":{"minecraft:spider":1,"minecraft:zombie":2},"minecraft:custom":{"minecraft:time_since_rest":24474,"minecraft:interact_with_furnace":39,"minecraft:sprint_one_cm":54615,"minecraft:damage_taken":962,"minecraft:walk_one_cm":116126,"minecraft:mob_kills":7,"minecraft:drop":13,"minecraft:damage_dealt":794,"minecraft:swim_one_cm":7582,"minecraft:interact_with_crafting_table":19,"minecraft:fly_one_cm":64865,"minecraft:open_chest":1,"minecraft:crouch_one_cm":188,"minecraft:play_time":50113,"minecraft:deaths":3,"minecraft:sneak_time":142,"minecraft:walk_under_water_one_cm":8232,"minecraft:boat_one_cm":263191,"minecraft:jump":612,"minecraft:leave_game":3,"minecraft:time_since_death":24405,"minecraft:walk_on_water_one_cm":9685,"minecraft:total_world_time":50113,"minecraft:fall_one_cm":14810}},"DataVersion":3465}