{"stats":{"minecraft:mined":{"minecraft:cobblestone":1,"minecraft:kelp":1,"minecraft:wall_torch":1,"minecraft:iron_ore":29,"minecraft:grass":4,"minecraft:oak_log":13,"minecraft:coal_ore":27,"minecraft:deepslate_iron_ore":5,"minecraft:dirt":1,"minecraft:sand":11,"minecraft:stone":20,"minecraft:gold_ore":1,"minecraft:oak_leaves":1},"minecraft:used":{"minecraft:water_bucket":6,"minecraft:stone_pickaxe":83,"minecraft:shield":6,"minecraft:torch":1,"minecraft:sand":8,"minecraft:crafting_table":1,"minecraft:wooden_axe":17,"minecraft:iron_axe":7,"minecraft:iron_pickaxe":1,"minecraft:iron_helmet":1,"minecraft:stone_axe":6,"minecraft:cobblestone":28,"minecraft:cooked_porkchop":2,"minecraft:oak_sapling":1,"minecraft:furnace":1,"minecraft:porkchop":4,"minecraft:bucket":7,"minecraft:egg":1},"minecraft:picked_up":{"minecraft:leather":1,"minecraft:oak_log":15,"minecraft:cornflower":1,"minecraft:dirt":1,"minecraft:kelp":15,"minecraft:wheat_seeds":3,"minecraft:raw_gold":1,"minecraft:beef":4,"minecraft:stone_pickaxe":1,"minecraft:egg":1,"minecraft:raw_iron":34,"minecraft:sandstone":4,"minecraft:torch":2,"minecraft:sand":12,"minecraft:porkchop":12,"minecraft:diorite":1,"minecraft:rotten_flesh":2,"minecraft:stone_axe":1,"minecraft:oak_sapling":1,"minecraft:coal":26,"minecraft:cobblestone":21},"minecraft:crafted":{"minecraft:oak_planks":36,"minecraft:cooked_porkchop":5,"minecraft:wooden_pickaxe":1,"minecraft:iron_helmet":1,"minecraft:furnace":1,"minecraft:bucket":1,"minecraft:air":0,"minecraft:iron_chestplate":1,"minecraft:shield":2,"minecraft:iron_axe":1,"minecraft:stick":4,"minecraft:iron_ingot":32,"minecraft:iron_pickaxe":1,"minecraft:wooden_axe":1},"minecraft:killed":{"minecraft:pig":6,"minecraft:zombie":2,"minecraft:cow":2},"minecraft:dropped":{"minecraft:wheat_seeds":2,"minecraft:jungle_planks":24,"minecraft:shield":1,"minecraft:sandstone":4,"minecraft:sand":3,"minecraft:stone_pickaxe":1,"minecraft:wooden_pickaxe":1},"minecraft:killed_by":{"minecraft:spider":1,"minecraft:zombie":2},"minecraft:custom":{"minecraft:interact_with_furnace":40,"minecraft:mob_kills":10,"minecraft:interact_with_crafting_table":19,"minecraft:leave_game":3,"minecraft:time_since_death":36405,"minecraft:time_since_rest":36474,"minecraft:sprint_one_cm":74683,"minecraft:damage_taken":1078,"minecraft:walk_one_cm":149017,"minecraft:damage_blocked_by_shield":120,"minecraft:drop":13,"minecraft:damage_dealt":1296,"minecraft:swim_one_cm":7582,"minecraft:fly_one_cm":86267,"minecraft:open_chest":1,"minecraft:crouch_one_cm":188,"minecraft:play_time":62113,"minecraft:deaths":3,"minecraft:sneak_time":142,"minecraft:walk_under_water_one_cm":20531,"minecraft:boat_one_cm":520817,"minecraft:jump":789,"minecraft:walk_on_water_one_cm":11444,"minecraft:total_world_time":62113,"minecraft:fall_one_cm":19592}},"DataVersion":3465}