{"stats":{"minecraft:mined":{"minecraft:tuff":5,"minecraft:cobblestone":1,"minecraft:deepslate_gold_ore":8,"minecraft:kelp":1,"minecraft:wall_torch":1,"minecraft:iron_ore":29,"minecraft:grass":4,"minecraft:oak_log":13,"minecraft:coal_ore":27,"minecraft:deepslate_iron_ore":52,"minecraft:dirt":1,"minecraft:sand":11,"minecraft:stone":21,"minecraft:gold_ore":1,"minecraft:oak_leaves":1,"minecraft:deepslate":8},"minecraft:used":{"minecraft:water_bucket":6,"minecraft:stone_pickaxe":101,"minecraft:shield":28,"minecraft:torch":7,"minecraft:sand":8,"minecraft:crafting_table":1,"minecraft:wooden_axe":17,"minecraft:iron_axe":37,"minecraft:iron_pickaxe":52,"minecraft:iron_helmet":1,"minecraft:stone_axe":6,"minecraft:cobblestone":30,"minecraft:cooked_porkchop":5,"minecraft:oak_sapling":1,"minecraft:furnace":1,"minecraft:porkchop":4,"minecraft:bucket":7,"minecraft:egg":1},"minecraft:picked_up":{"minecraft:leather":1,"minecraft:tuff":5,"minecraft:oak_log":15,"minecraft:cornflower":1,"minecraft:dirt":1,"minecraft:bone":3,"minecraft:kelp":15,"minecraft:wheat_seeds":3,"minecraft:cobbled_deepslate":8,"minecraft:raw_gold":9,"minecraft:beef":4,"minecraft:stone_pickaxe":1,"minecraft:egg":1,"minecraft:raw_iron":81,"minecraft:sandstone":4,"minecraft:torch":3,"minecraft:sand":12,"minecraft:porkchop":12,"minecraft:diorite":1,"minecraft:arrow":7,"minecraft:rotten_flesh":3,"minecraft:stone_axe":1,"minecraft:oak_sapling":1,"minecraft:coal":26,"minecraft:cobblestone":22},"minecraft:crafted":{"minecraft:oak_planks":36,"minecraft:cooked_porkchop":5,"minecraft:wooden_pickaxe":1,"minecraft:iron_helmet":1,"minecraft:furnace":1,"minecraft:bucket":1,"minecraft:air":0,"minecraft:iron_chestplate":1,"minecraft:shield":2,"minecraft:iron_axe":1,"minecraft:stick":12,"minecraft:iron_ingot":32,"minecraft:iron_pickaxe":1,"minecraft:wooden_axe":1,"minecraft:torch":36},"minecraft:killed":{"minecraft:pig":6,"minecraft:spider":1,"minecraft:skeleton":5,"minecraft:zombie":6,"minecraft:cow":2},"minecraft:dropped":{"minecraft:wheat_seeds":2,"minecraft:jungle_planks":24,"minecraft:shield":1,"minecraft:torch":1,"minecraft:sandstone":4,"minecraft:sand":3,"minecraft:stone_pickaxe":1,"minecraft:wooden_pickaxe":1},"minecraft:killed_by":{"minecraft:spider":1,"minecraft:zombie":2},"minecraft:custom":{"minecraft:interact_with_furnace":40,"minecraft:mob_kills":20,"minecraft:interact_with_crafting_table":19,"minecraft:leave_game":3,"minecraft:time_since_death":48405,"minecraft:time_since_rest":48474,"minecraft:sprint_one_cm":92045,"minecraft:damage_taken":1282,"minecraft:walk_one_cm":205028,"minecraft:damage_blocked_by_shield":800,"minecraft:drop":14,"minecraft:damage_dealt":2999,"minecraft:swim_one_cm":7582,"minecraft:fly_one_cm":101301,"minecraft:open_chest":1,"minecraft:crouch_one_cm":1915,"minecraft:play_time":74113,"minecraft:deaths":3,"minecraft:sneak_time":772,"minecraft:walk_under_water_one_cm":20573,"minecraft:boat_one_cm":520817,"minecraft:jump":1004,"minecraft:walk_on_water_one_cm":13139,"minecraft:total_world_time":74113,"minecraft:fall_one_cm":24901}},"DataVersion":3465}