{"stats":{"minecraft:mined":{"minecraft:tuff":6,"minecraft:deepslate_diamond_ore":1,"minecraft:torch":1,"minecraft:grass_block":8,"minecraft:cobblestone":1,"minecraft:deepslate_gold_ore":9,"minecraft:kelp":1,"minecraft:wall_torch":2,"minecraft:iron_ore":29,"minecraft:andesite":12,"minecraft:grass":5,"minecraft:gravel":9,"minecraft:oak_log":17,"minecraft:coal_ore":27,"minecraft:deepslate_iron_ore":57,"minecraft:dirt":33,"minecraft:sand":11,"minecraft:stone":64,"minecraft:gold_ore":1,"minecraft:oak_leaves":3,"minecraft:deepslate":43},"minecraft:used":{"minecraft:water_bucket":11,"minecraft:stone_pickaxe":102,"minecraft:dried_kelp":5,"minecraft:wooden_pickaxe":50,"minecraft:shield":44,"minecraft:torch":12,"minecraft:dirt":23,"minecraft:sand":8,"minecraft:crafting_table":2,"minecraft:tuff":5,"minecraft:wooden_axe":17,"minecraft:iron_axe":44,"minecraft:iron_pickaxe":99,"minecraft:iron_helmet":1,"minecraft:stone_axe":6,"minecraft:cobblestone":32,"minecraft:cooked_porkchop":5,"minecraft:oak_sapling":1,"minecraft:furnace":1,"minecraft:porkchop":6,"minecraft:bucket":12,"minecraft:egg":1},"minecraft:picked_up":{"minecraft:andesite":12,"aquaculture:neptunium_sword":1,"minecraft:leather":1,"minecraft:flint":1,"minecraft:tuff":6,"minecraft:oak_log":19,"minecraft:shield":1,"minecraft:cornflower":1,"minecraft:dirt":40,"minecraft:acacia_door":1,"minecraft:bone":3,"minecraft:kelp":15,"minecraft:wheat_seeds":4,"minecraft:cobbled_deepslate":43,"minecraft:raw_gold":10,"minecraft:beef":4,"minecraft:stone_pickaxe":1,"minecraft:iron_pickaxe":1,"minecraft:egg":1,"minecraft:raw_iron":86,"minecraft:sandstone":4,"minecraft:torch":12,"minecraft:dried_kelp":128,"minecraft:gravel":8,"minecraft:sand":12,"minecraft:porkchop":12,"minecraft:diorite":1,"minecraft:diamond":1,"minecraft:arrow":7,"minecraft:rotten_flesh":4,"minecraft:stone_axe":1,"aquaculture:neptunium_boots":1,"minecraft:oak_sapling":1,"minecraft:coal":26,"minecraft:cobblestone":63},"minecraft:crafted":{"minecraft:oak_planks":52,"minecraft:cooked_porkchop":5,"minecraft:crafting_table":1,"minecraft:wooden_pickaxe":3,"minecraft:iron_helmet":1,"minecraft:furnace":1,"minecraft:bucket":1,"minecraft:air":0,"minecraft:iron_chestplate":1,"minecraft:shield":2,"minecraft:iron_axe":1,"minecraft:stick":16,"minecraft:iron_ingot":95,"minecraft:iron_pickaxe":1,"minecraft:wooden_axe":1,"minecraft:oak_button":1,"minecraft:torch":36},"minecraft:killed":{"minecraft:pig":6,"minecraft:spider":1,"minecraft:skeleton":5,"minecraft:zombie":7,"minecraft:cow":2},"minecraft:dropped":{"minecraft:gravel":3,"minecraft:wheat_seeds":2,"minecraft:jungle_planks":24,"minecraft:shield":1,"minecraft:torch":1,"minecraft:cornflower":1,"minecraft:sandstone":4,"minecraft:sand":3,"minecraft:stone_pickaxe":1,"minecraft:wooden_pickaxe":1},"minecraft:killed_by":{"minecraft:skeleton":1,"minecraft:spider":1,"minecraft:zombie":2},"minecraft:custom":{"minecraft:interact_with_furnace":42,"minecraft:mob_kills":21,"minecraft:interact_with_crafting_table":20,"minecraft:leave_game":3,"minecraft:time_since_death":11768,"minecraft:time_since_rest":12570,"minecraft:sprint_one_cm":119526,"minecraft:damage_taken":1667,"minecraft:walk_one_cm":285597,"minecraft:damage_blocked_by_shield":975,"minecraft:drop":16,"minecraft:damage_dealt":3376,"minecraft:swim_one_cm":12313,"minecraft:fly_one_cm":130100,"minecraft:open_chest":1,"minecraft:crouch_one_cm":2117,"minecraft:play_time":98113,"minecraft:deaths":4,"minecraft:sneak_time":823,"minecraft:walk_under_water_one_cm":30197,"minecraft:boat_one_cm":520817,"minecraft:jump":1404,"minecraft:walk_on_water_one_cm":22006,"minecraft:total_world_time":98113,"minecraft:fall_one_cm":32685}},"DataVersion":3465}