{"stats":{"minecraft:mined":{"minecraft:jungle_leaves":1,"minecraft:crafting_table":4,"minecraft:torch":2,"minecraft:grass_block":8,"minecraft:jungle_log":5,"minecraft:tall_grass":8,"minecraft:cobblestone":1,"minecraft:lapis_ore":4,"minecraft:diorite":1,"minecraft:wall_torch":2,"minecraft:redstone_ore":3,"minecraft:furnace":2,"minecraft:iron_ore":17,"minecraft:grass":8,"minecraft:oak_log":4,"minecraft:coal_ore":59,"minecraft:deepslate_iron_ore":4,"minecraft:dirt":26,"minecraft:stone":47,"minecraft:oak_leaves":4,"minecraft:deepslate":1},"minecraft:used":{"minecraft:stone_pickaxe":54,"minecraft:shield":30,"minecraft:wooden_pickaxe":3,"minecraft:cooked_chicken":5,"minecraft:torch":7,"minecraft:dirt":17,"minecraft:crafting_table":4,"minecraft:jungle_sapling":1,"minecraft:iron_pickaxe":96,"minecraft:stone_axe":67,"minecraft:cobblestone":9,"minecraft:furnace":3,"minecraft:cooked_beef":2},"minecraft:picked_up":{"minecraft:crafting_table":4,"minecraft:feather":3,"minecraft:chicken":6,"minecraft:jungle_log":5,"minecraft:leather":4,"minecraft:oak_log":4,"minecraft:lapis_lazuli":22,"minecraft:dirt":33,"man:cassette_1safetyinstructions":3,"minecraft:bone":4,"minecraft:wheat_seeds":3,"minecraft:cobbled_deepslate":1,"minecraft:iron_ingot":1,"minecraft:cooked_chicken":2,"minecraft:beef":6,"minecraft:jungle_sapling":1,"minecraft:furnace":2,"minecraft:raw_iron":21,"minecraft:stick":2,"minecraft:torch":4,"minecraft:diorite":1,"minecraft:redstone":12,"minecraft:arrow":4,"minecraft:rotten_flesh":20,"minecraft:baked_potato":1,"minecraft:oak_sapling":1,"minecraft:coal":69,"minecraft:cobblestone":50},"minecraft:crafted":{"minecraft:cooked_beef":6,"minecraft:oak_planks":16,"minecraft:crafting_table":1,"minecraft:wooden_pickaxe":1,"minecraft:cooked_chicken":4,"minecraft:furnace":1,"minecraft:stone_axe":1,"minecraft:air":0,"minecraft:jungle_planks":20,"minecraft:shield":1,"minecraft:stick":24,"minecraft:iron_ingot":4,"minecraft:iron_pickaxe":1,"minecraft:stone_pickaxe":1,"minecraft:torch":12},"minecraft:killed":{"minecraft:skeleton":1,"minecraft:zombie":16,"minecraft:chicken":6,"minecraft:cow":3},"minecraft:dropped":{"minecraft:wheat_seeds":2,"man:cassette_1safetyinstructions":4,"minecraft:jungle_planks":1},"minecraft:killed_by":{"minecraft:zombie":2},"minecraft:custom":{"minecraft:interact_with_furnace":12,"minecraft:mob_kills":26,"minecraft:interact_with_crafting_table":6,"minecraft:leave_game":2,"minecraft:time_since_death":18077,"minecraft:climb_one_cm":152,"minecraft:time_since_rest":18102,"minecraft:sprint_one_cm":92960,"minecraft:damage_taken":1215,"minecraft:walk_one_cm":151172,"minecraft:damage_blocked_by_shield":670,"minecraft:drop":7,"minecraft:damage_dealt":3439,"minecraft:fly_one_cm":118525,"minecraft:crouch_one_cm":4075,"minecraft:play_time":53840,"minecraft:deaths":3,"minecraft:sneak_time":1233,"minecraft:walk_under_water_one_cm":6202,"minecraft:jump":788,"minecraft:walk_on_water_one_cm":25463,"minecraft:total_world_time":53840,"minecraft:fall_one_cm":23577}},"DataVersion":3465}