{"stats":{"minecraft:mined":{"minecraft:deepslate_redstone_ore":8,"minecraft:deepslate_diamond_ore":1,"minecraft:jungle_leaves":1,"minecraft:crafting_table":5,"minecraft:torch":2,"minecraft:granite":8,"minecraft:grass_block":8,"minecraft:jungle_log":5,"minecraft:tall_grass":8,"minecraft:cobblestone":7,"minecraft:lapis_ore":8,"minecraft:diorite":1,"minecraft:wall_torch":2,"minecraft:redstone_ore":8,"minecraft:furnace":3,"minecraft:iron_ore":35,"minecraft:andesite":1,"minecraft:deepslate_lapis_ore":3,"minecraft:grass":8,"minecraft:oak_log":4,"minecraft:coal_ore":79,"minecraft:deepslate_iron_ore":50,"minecraft:dirt":26,"minecraft:stone":59,"minecraft:oak_leaves":4,"minecraft:deepslate":56},"minecraft:used":{"minecraft:stone_pickaxe":88,"minecraft:shield":35,"minecraft:wooden_pickaxe":3,"minecraft:cooked_chicken":5,"minecraft:torch":11,"minecraft:dirt":17,"minecraft:crafting_table":5,"minecraft:jungle_sapling":1,"minecraft:iron_pickaxe":251,"minecraft:stone_axe":73,"minecraft:cobblestone":35,"minecraft:furnace":5,"minecraft:cooked_beef":5,"minecraft:cobbled_deepslate":6},"minecraft:picked_up":{"minecraft:crafting_table":5,"minecraft:feather":3,"minecraft:cooked_beef":1,"minecraft:chicken":6,"minecraft:glow_ink_sac":2,"minecraft:jungle_log":5,"minecraft:leather":4,"minecraft:oak_log":4,"minecraft:gunpowder":1,"minecraft:lapis_lazuli":63,"minecraft:dirt":33,"man:cassette_1safetyinstructions":3,"minecraft:bone":4,"minecraft:bow":1,"minecraft:wheat_seeds":3,"minecraft:cobbled_deepslate":52,"minecraft:iron_ingot":1,"minecraft:cooked_chicken":2,"minecraft:beef":6,"minecraft:jungle_sapling":1,"minecraft:furnace":3,"minecraft:raw_iron":139,"minecraft:stick":2,"minecraft:torch":4,"minecraft:diorite":1,"minecraft:redstone":74,"minecraft:arrow":6,"minecraft:rotten_flesh":20,"minecraft:diamond":1,"minecraft:granite":7,"minecraft:baked_potato":1,"minecraft:oak_sapling":1,"minecraft:coal":89,"minecraft:cobblestone":67},"minecraft:crafted":{"minecraft:cooked_beef":6,"minecraft:oak_planks":16,"minecraft:crafting_table":1,"minecraft:wooden_pickaxe":1,"minecraft:cooked_chicken":4,"minecraft:furnace":2,"minecraft:stone_axe":1,"minecraft:air":0,"minecraft:jungle_planks":20,"minecraft:shield":1,"minecraft:stick":24,"minecraft:iron_ingot":4,"minecraft:iron_pickaxe":1,"minecraft:stone_pickaxe":1,"minecraft:torch":12},"minecraft:killed":{"minecraft:bat":1,"minecraft:skeleton":2,"minecraft:zombie":16,"minecraft:chicken":6,"minecraft:cow":3},"minecraft:dropped":{"minecraft:wheat_seeds":2,"minecraft:cooked_beef":1,"man:cassette_1safetyinstructions":4,"minecraft:jungle_planks":1},"minecraft:broken":{"minecraft:iron_pickaxe":1},"minecraft:killed_by":{"minecraft:zombie":2},"minecraft:custom":{"minecraft:interact_with_furnace":15,"minecraft:mob_kills":28,"minecraft:interact_with_crafting_table":7,"minecraft:leave_game":2,"minecraft:time_since_death":42077,"minecraft:climb_one_cm":152,"minecraft:time_since_rest":42102,"minecraft:sprint_one_cm":119421,"minecraft:damage_taken":1480,"minecraft:walk_one_cm":294919,"minecraft:damage_blocked_by_shield":830,"minecraft:drop":8,"minecraft:damage_dealt":3761,"minecraft:fly_one_cm":143975,"minecraft:crouch_one_cm":6386,"minecraft:play_time":77840,"minecraft:deaths":3,"minecraft:sneak_time":2169,"minecraft:walk_under_water_one_cm":6647,"minecraft:jump":1365,"minecraft:walk_on_water_one_cm":35178,"minecraft:total_world_time":77840,"minecraft:fall_one_cm":33033}},"DataVersion":3465}