{"stats":{"minecraft:mined":{"minecraft:deepslate_redstone_ore":18,"minecraft:deepslate_diamond_ore":3,"minecraft:jungle_leaves":1,"minecraft:crafting_table":7,"minecraft:torch":4,"minecraft:granite":8,"minecraft:grass_block":8,"minecraft:jungle_log":5,"minecraft:tall_grass":8,"minecraft:cobblestone":10,"minecraft:lapis_ore":8,"minecraft:diorite":1,"minecraft:wall_torch":2,"minecraft:redstone_ore":8,"minecraft:furnace":4,"minecraft:iron_ore":35,"minecraft:andesite":1,"minecraft:deepslate_lapis_ore":3,"minecraft:grass":8,"minecraft:oak_log":4,"minecraft:coal_ore":79,"minecraft:deepslate_iron_ore":50,"minecraft:dirt":26,"minecraft:stone":59,"minecraft:oak_leaves":4,"minecraft:deepslate":85},"minecraft:used":{"minecraft:stone_pickaxe":108,"minecraft:shield":53,"minecraft:wooden_pickaxe":3,"minecraft:cooked_chicken":6,"minecraft:torch":19,"minecraft:dirt":17,"minecraft:crafting_table":7,"minecraft:jungle_sapling":1,"minecraft:iron_pickaxe":287,"minecraft:stone_axe":82,"minecraft:cobblestone":39,"minecraft:furnace":6,"minecraft:cooked_beef":6,"minecraft:cobbled_deepslate":12},"minecraft:picked_up":{"minecraft:crafting_table":7,"minecraft:feather":3,"minecraft:cooked_beef":1,"minecraft:chicken":6,"minecraft:glow_ink_sac":2,"minecraft:jungle_log":5,"minecraft:leather":4,"minecraft:oak_log":4,"minecraft:gunpowder":1,"minecraft:lapis_lazuli":63,"minecraft:dirt":33,"man:cassette_1safetyinstructions":3,"minecraft:bone":12,"minecraft:bow":2,"minecraft:wheat_seeds":3,"minecraft:cobbled_deepslate":74,"minecraft:iron_ingot":6,"minecraft:cooked_chicken":2,"minecraft:beef":6,"minecraft:jungle_sapling":1,"minecraft:furnace":4,"minecraft:raw_iron":144,"minecraft:stick":2,"minecraft:torch":6,"minecraft:diorite":1,"minecraft:redstone":108,"minecraft:arrow":13,"minecraft:rotten_flesh":21,"minecraft:diamond":3,"minecraft:granite":7,"minecraft:baked_potato":1,"minecraft:oak_sapling":1,"minecraft:coal":91,"minecraft:cobblestone":70},"minecraft:crafted":{"minecraft:cooked_beef":6,"minecraft:oak_planks":16,"minecraft:crafting_table":1,"minecraft:wooden_pickaxe":1,"minecraft:cooked_chicken":4,"minecraft:furnace":3,"minecraft:stone_axe":2,"minecraft:air":0,"minecraft:jungle_planks":20,"minecraft:shield":1,"minecraft:stick":24,"minecraft:iron_ingot":6,"minecraft:iron_pickaxe":2,"minecraft:stone_pickaxe":2,"minecraft:torch":20},"minecraft:killed":{"minecraft:bat":1,"minecraft:skeleton":7,"minecraft:zombie":17,"minecraft:chicken":6,"minecraft:cow":3},"minecraft:dropped":{"minecraft:wheat_seeds":2,"minecraft:cooked_beef":1,"man:cassette_1safetyinstructions":4,"minecraft:jungle_planks":1},"minecraft:broken":{"minecraft:stone_axe":1,"minecraft:iron_pickaxe":1},"minecraft:killed_by":{"minecraft:zombie":2},"minecraft:custom":{"minecraft:interact_with_furnace":18,"minecraft:mob_kills":34,"minecraft:interact_with_crafting_table":14,"minecraft:leave_game":3,"minecraft:time_since_death":1794,"minecraft:climb_one_cm":152,"minecraft:time_since_rest":1822,"minecraft:sprint_one_cm":129375,"minecraft:damage_taken":1905,"minecraft:walk_one_cm":379694,"minecraft:damage_blocked_by_shield":1230,"minecraft:drop":8,"minecraft:damage_dealt":4492,"minecraft:fly_one_cm":150835,"minecraft:open_chest":2,"minecraft:crouch_one_cm":6970,"minecraft:play_time":90606,"minecraft:deaths":4,"minecraft:sneak_time":2804,"minecraft:walk_under_water_one_cm":6647,"minecraft:jump":1601,"minecraft:walk_on_water_one_cm":37699,"minecraft:total_world_time":90606,"minecraft:fall_one_cm":39329}},"DataVersion":3465}