{"stats":{"minecraft:used":{"minecraft:dirt":2},"minecraft:custom":{"minecraft:jump":12,"minecraft:time_since_rest":9979,"minecraft:damage_dealt":90,"minecraft:crouch_one_cm":154,"minecraft:sprint_one_cm":1237,"minecraft:leave_game":2,"minecraft:play_time":9979,"minecraft:damage_taken":245,"minecraft:time_since_death":9979,"minecraft:walk_one_cm":7193,"minecraft:sneak_time":22,"minecraft:total_world_time":9979,"minecraft:fall_one_cm":900,"minecraft:fly_one_cm":2972},"minecraft:mined":{"minecraft:grass":2,"minecraft:grass_block":2},"minecraft:picked_up":{"minecraft:dirt":2}},"DataVersion":3465}